Diametres;Aout;Sep;Oct
0,1;42,37002687;34,53810273;15,37322028
0,11;18,25280108;24,2528096;15,09708687
0,12;12,42299175;17,52750191;11,65738046
0,13;13,00355704;17,38701428;10,81028674
0,14;16,38544661;25,35769009;18,63736612
0,15;11,87233177;13,59595656;8,025528187
0,16;8,025662073;10,79273932;7,150968036
0,17;7,538610848;10,41566076;6,655498078
0,18;7,114305479;9,858816741;6,445186617
0,2;13,58940935;18,2951403;11,9847574
0,22;12,36601217;16,58419661;10,99348062
0,24;11,05722381;14,6092475;10,03117977
0,26;9,388408468;12,05490802;8,852136772
0,28;7,29853355;9,078212319;6,893802434
0,3;8,259997683;9,855476109;9,659570143
0,4;6,500790542;5,464966585;4,031821175
0,5;0,413075267;0,424625191;0,376743139
0,6;0,253909486;0,266789452;0,27014278
0,8;0,556692366;0,546343227;0,508608329
1;0,37346893;0,34323649;0,363148089
1,2;0,25190447;0,243766664;0,251982037
1,4;0,210940633;0,176664539;0,199242842
1,6;0,127036794;0,107389452;0,129930681
1,8;0,163032785;0,124601808;0,176781737
2;0,162739754;0,092819283;0,151959666
2,2;0,192998965;0,104171513;0,201160174
2,4;0,190741153;0,080268563;0,167835371
2,6;0,143469811;0,064520655;0,123595981
2,8;0,103046526;0,047298517;0,102711724
3;0,200451361;0,096267738;0,290121851
